episodes,steps,x,y,distance,reward,yaw,steering,throttle,waypoint,total
696,0,2,0.59,0.01,1.5,0,0,0,0,1.5
696,1,2.01,0.59,0.01,1.5,0,0,0.4,1,3
696,2,2.02,0.59,0.01,1.5,0,0,0.4,1,4.5
696,3,2.05,0.6,0.02,1.5,0,0.4,0.8,1,6
696,4,2.07,0.6,0.02,1.5,0.02,0.8,0.4,1,7.5
696,5,2.08,0.6,0.02,1.5,0.03,0,0.4,1,9
696,6,2.09,0.61,0.03,1.5,0.04,0,0.4,1,10.5
696,7,2.12,0.61,0.03,1.5,0.05,-0.4,0.8,1,12
696,8,2.13,0.61,0.03,1.5,0.05,0,0.4,1,13.5
696,9,2.15,0.61,0.03,1.5,0.06,0,0.4,1,15
696,10,2.16,0.61,0.03,1.5,0.06,0,0.4,1,16.5
696,11,2.18,0.61,0.03,1.5,0.06,-0.4,0.4,1,18
696,12,2.19,0.61,0.03,1.5,0.05,-0.4,0.4,1,19.5
696,13,2.21,0.61,0.03,1.5,0.04,-0.4,0.4,1,21
696,14,2.22,0.61,0.03,1.5,0.02,-0.8,0.4,1,22.5
696,15,2.24,0.6,0.02,1.5,0,0.4,0.4,1,24
696,16,2.26,0.6,0.02,1.5,-0.01,-0.4,0.8,1,25.5
696,17,2.28,0.59,0.01,1.5,-0.03,0.4,0.4,1,27
696,18,2.29,0.59,0.01,1.5,-0.03,0.4,0.4,1,28.5
696,19,2.3,0.59,0.01,1.5,-0.03,0.4,0.4,1,30
696,20,2.32,0.59,0.01,1.5,-0.02,-0.4,0.4,1,31.5
696,21,2.33,0.59,0.01,1.5,-0.02,0.4,0.4,1,33
696,22,2.35,0.59,0.01,1.5,-0.02,0,0.4,1,34.5
696,23,2.36,0.59,0.01,1.5,-0.02,0.4,0.4,1,36
696,24,2.38,0.6,0.02,1.5,-0.01,0.4,0.4,1,37.5
696,25,2.39,0.6,0.02,1.5,0,0,0.4,1,39
696,26,2.4,0.6,0.02,1.5,0.02,0.8,0.4,1,40.5
696,27,2.42,0.61,0.03,1.5,0.03,0,0.4,1,42
696,28,2.43,0.61,0.03,1.5,0.04,0,0.4,1,43.5
696,29,2.45,0.61,0.03,1.5,0.05,-0.4,0.8,1,45
696,30,2.47,0.61,0.03,1.5,0.05,-0.8,0.4,1,46.5
696,31,2.49,0.61,0.03,1.5,0.05,0,0.4,1,48
696,32,2.52,0.61,0.03,1.5,0.02,-0.4,1.6,1,49.5
696,33,2.56,0.6,0.02,1.5,0,0.4,0.4,1,51
696,34,2.57,0.6,0.02,1.5,-0.01,-0.8,0.4,1,52.5
696,35,2.58,0.6,0.02,1.5,-0.02,0.4,0.4,1,54
696,36,2.6,0.6,0.02,1.5,-0.02,0.4,0.4,1,55.5
696,37,2.61,0.6,0.02,1.5,-0.02,0,0.4,1,57
696,38,2.63,0.6,0.02,1.5,-0.01,0.8,0.4,1,58.5
696,39,2.64,0.6,0.02,1.5,-0.01,-0.4,0.4,1,60
696,40,2.66,0.6,0.02,1.5,0,0.8,0.4,1,61.5
696,41,2.67,0.61,0.03,1.5,0.01,0,0.4,1,63
696,42,2.69,0.61,0.03,1.5,0.02,-0.4,0.8,1,64.5
696,43,2.72,0.61,0.03,1.5,0.02,-0.4,0.8,1,66
696,44,2.75,0.61,0.03,1.5,0.01,-0.4,0.8,1,67.5
696,45,2.77,0.6,0.02,1.5,0,-0.8,0.4,1,69
696,46,2.79,0.6,0.02,1.5,-0.02,0.8,0.8,1,70.5
696,47,2.81,0.6,0.02,1.5,-0.03,0.4,0.4,1,72
696,48,2.83,0.59,0.01,1.5,-0.03,-0.8,0.4,1,73.5
696,49,2.84,0.59,0.01,1.5,-0.04,0.4,0.4,1,75
696,50,2.85,0.59,0.01,1.5,-0.04,0.4,0.4,1,76.5
696,51,2.87,0.59,0.01,1.5,-0.05,-0.8,0.4,1,78
696,52,2.88,0.59,0.01,1.5,-0.05,0,0.4,1,79.5
696,53,2.89,0.59,0.01,1.5,-0.06,0,0.4,1,81
696,54,2.91,0.58,0,1.5,-0.06,0.4,0.4,1,82.5
696,55,2.92,0.58,0,1.5,-0.06,0.4,0.4,1,84
696,56,2.94,0.59,0.01,1.5,-0.05,0.4,0.4,1,85.5
696,57,2.95,0.59,0.01,1.5,-0.04,0,0.4,1,87
696,58,2.97,0.59,0.01,1.5,-0.03,0.4,0.4,1,88.5
696,59,2.98,0.59,0.01,1.5,-0.02,-0.8,0.4,1,90
696,60,3.01,0.59,0.01,1.5,-0.03,-0.4,0.8,2,91.5
696,61,3.02,0.59,0.01,1.5,-0.03,0.4,0.4,2,93
696,62,3.04,0.59,0.01,1.5,-0.03,0.4,0.4,2,94.5
696,63,3.05,0.59,0.01,1.5,-0.02,0.4,0.4,2,96
696,64,3.06,0.59,0.01,1.5,-0.01,0.4,0.4,2,97.5
696,65,3.08,0.59,0.01,1.5,0,-0.4,0.4,2,99
696,66,3.09,0.6,0.02,1.5,0.01,0.8,0.4,2,100.5
696,67,3.12,0.6,0.02,1.5,0.03,-0.4,0.8,2,102
696,68,3.15,0.61,0.03,1.5,0.04,-0.4,0.8,2,103.5
696,69,3.17,0.6,0.02,1.5,0.03,-0.4,0.8,2,105
696,70,3.19,0.6,0.02,1.5,0.02,-0.8,0.4,2,106.5
696,71,3.2,0.6,0.02,1.5,0,-0.8,0.4,2,108
696,72,3.23,0.59,0.01,1.5,-0.03,-0.4,0.8,2,109.5
696,73,3.25,0.58,0,1.5,-0.07,-0.4,0.8,2,111
696,74,3.27,0.57,0.01,1.5,-0.09,0.4,0.4,2,112.5
696,75,3.29,0.57,0.01,1.5,-0.1,0.4,0.4,2,114
696,76,3.3,0.57,0.01,1.5,-0.1,0.4,0.4,2,115.5
696,77,3.31,0.56,0.02,1.5,-0.1,-0.4,0.4,2,117
696,78,3.33,0.56,0.02,1.5,-0.1,0.4,0.4,2,118.5
696,79,3.34,0.56,0.02,1.5,-0.1,0.4,0.4,2,120
696,80,3.35,0.56,0.02,1.5,-0.08,0.8,0.4,2,121.5
696,81,3.37,0.57,0.01,1.5,-0.07,0.8,0.4,2,123
696,82,3.38,0.57,0.01,1.5,-0.05,0.4,0.4,2,124.5
696,83,3.4,0.58,0,1.5,-0.03,0.4,0.4,2,126
696,84,3.41,0.58,0,1.5,-0.01,0.4,0.4,2,127.5
696,85,3.42,0.59,0.01,1.5,0.01,0.4,0.4,2,129
696,86,3.44,0.59,0.01,1.5,0.04,0.4,0.4,2,130.5
696,87,3.46,0.6,0.02,1.5,0.07,0,0.8,2,132
696,88,3.48,0.61,0.03,1.5,0.08,-0.4,0.4,2,133.5
696,89,3.49,0.61,0.03,1.5,0.09,0,0.4,2,135
696,90,3.53,0.62,0.04,1.5,0.09,-0.4,1.6,2,136.5
696,91,3.56,0.62,0.04,1.5,0.09,0,0.4,2,138
696,92,3.58,0.62,0.04,1.5,0.08,-0.4,0.4,2,139.5
696,93,3.59,0.62,0.04,1.5,0.08,-0.4,0.4,2,141
696,94,3.61,0.62,0.04,1.5,0.08,-0.8,0.4,2,142.5
696,95,3.64,0.61,0.03,1.5,0.04,-0.4,1.6,2,144
696,96,3.68,0.6,0.02,1.5,0,0,0.4,2,145.5
696,97,3.7,0.59,0.01,1.5,-0.02,0,0.8,2,147
696,98,3.72,0.59,0.01,1.5,-0.03,0.4,0.4,2,148.5
696,99,3.74,0.59,0.01,1.5,-0.04,0,0.8,2,150
696,100,3.77,0.58,0,1.5,-0.04,0,0.8,2,151.5
696,101,3.79,0.58,0,1.5,-0.05,-0.8,0.4,2,153
696,102,3.8,0.58,0,1.5,-0.06,0.8,0.4,2,154.5
696,103,3.82,0.58,0,1.5,-0.06,0.4,0.4,2,156
696,104,3.84,0.58,0,1.5,-0.04,0.8,0.8,2,157.5
696,105,3.86,0.59,0.01,1.5,-0.03,0.8,0.4,2,159
696,106,3.89,0.6,0.02,1.5,0.01,-0.4,1.6,2,160.5
696,107,3.95,0.6,0.02,1.5,0.03,-0.8,1.6,2,162
696,108,3.98,0.6,0.02,1.5,0.03,0,0.4,2,163.5
696,109,4,0.6,0.02,1.5,0.02,-0.8,0.4,2,165
696,110,4.01,0.6,0.02,1.5,0.01,-0.8,0.4,3,166.5
696,111,4.03,0.59,0.01,1.5,-0.01,-0.8,0.4,3,168
696,112,4.04,0.59,0.01,1.5,-0.04,0.4,0.4,3,169.5
696,113,4.08,0.57,0.01,1.5,-0.07,0,1.6,3,171
696,114,4.11,0.57,0.01,1.5,-0.09,0.8,0.8,3,172.5
696,115,4.13,0.57,0.01,1.5,-0.08,0.4,0.4,3,174
696,116,4.14,0.57,0.01,1.5,-0.08,-0.4,0.4,3,175.5
696,117,4.17,0.56,0.02,1.5,-0.08,0.4,0.8,3,177
696,118,4.19,0.56,0.02,1.5,-0.07,0,0.4,3,178.5
696,119,4.2,0.57,0.01,1.5,-0.06,0.8,0.4,3,180
696,120,4.23,0.57,0.01,1.5,-0.05,-0.8,0.8,3,181.5
696,121,4.24,0.57,0.01,1.5,-0.05,0,0.4,3,183
696,122,4.26,0.57,0.01,1.5,-0.05,0.4,0.4,3,184.5
696,123,4.27,0.57,0.01,1.5,-0.04,0,0.4,3,186
696,124,4.29,0.57,0.01,1.5,-0.04,-0.8,0.4,3,187.5
696,125,4.31,0.56,0.02,1.5,-0.05,0.4,0.8,3,189
696,126,4.34,0.57,0.01,1.5,-0.04,0.8,0.8,3,190.5
696,127,4.36,0.57,0.01,1.5,-0.03,-0.4,0.4,3,192
696,128,4.37,0.57,0.01,1.5,-0.03,0.4,0.4,3,193.5
696,129,4.38,0.57,0.01,1.5,-0.02,-0.8,0.4,3,195
696,130,4.42,0.56,0.02,1.5,-0.04,-0.4,1.6,3,196.5
696,131,4.46,0.56,0.02,1.5,-0.06,-0.4,0.4,3,198
696,132,4.47,0.55,0.03,1.5,-0.07,0.4,0.4,3,199.5
696,133,4.5,0.55,0.03,1.5,-0.09,-0.8,0.8,3,201
696,134,4.51,0.54,0.04,1.5,-0.1,-0.8,0.4,3,202.5
696,135,4.54,0.52,0.06,1,-0.15,-0.4,1.6,3,203.5
696,136,4.58,0.52,0.06,1,-0.15,0.8,0.8,3,204.5
696,137,4.59,0.52,0.06,1,-0.15,0.8,0.4,3,205.5
696,138,4.62,0.52,0.06,1,-0.14,0.4,0.8,3,206.5
696,139,4.64,0.52,0.06,1,-0.12,-0.4,0.8,3,207.5
696,140,4.67,0.51,0.07,1,-0.11,0.8,0.8,3,208.5
696,141,4.69,0.52,0.06,1,-0.09,0.8,0.4,3,209.5
696,142,4.71,0.53,0.05,1,-0.06,0.8,0.4,3,210.5
696,143,4.74,0.54,0.04,1.5,-0.01,0.4,1.6,3,212
696,144,4.77,0.55,0.03,1.5,0.06,0.4,0.8,3,213.5
696,145,4.79,0.56,0.02,1.5,0.08,0,0.4,3,215
696,146,4.8,0.57,0.01,1.5,0.1,0.4,0.4,3,216.5
696,147,4.83,0.58,0,1.5,0.13,0,0.8,3,218
696,148,4.87,0.59,0.01,1.5,0.16,-0.4,1.6,3,219.5
696,149,4.91,0.6,0.02,1.5,0.17,-0.4,0.4,3,221
696,150,4.93,0.6,0.02,1.5,0.17,-0.4,0.8,3,222.5
696,151,4.96,0.61,0.03,1.5,0.15,-0.4,0.8,3,224
696,152,4.98,0.61,0.03,1.5,0.14,0,0.4,3,225.5
696,153,4.99,0.61,0.03,1.5,0.13,-0.4,0.4,3,227
696,154,5.01,0.6,0.02,1.5,0.12,-0.4,0.4,4,228.5
696,155,5.02,0.6,0.02,1.5,0.1,-0.4,0.4,4,230
696,156,5.04,0.6,0.02,1.5,0.09,0.4,0.4,4,231.5
696,157,5.06,0.6,0.02,1.5,0.08,-0.4,0.8,4,233
696,158,5.08,0.6,0.02,1.5,0.06,-0.4,0.4,4,234.5
696,159,5.09,0.59,0.01,1.5,0.05,-0.8,0.4,4,236
696,160,5.12,0.58,0,1.5,0.03,-0.4,0.8,4,237.5
696,161,5.14,0.58,0,1.5,0,0.4,0.8,4,239
696,162,5.19,0.56,0.02,1.5,-0.05,-0.4,1.6,4,240.5
696,163,5.22,0.55,0.03,1.5,-0.09,-0.4,0.8,4,242
696,164,5.24,0.55,0.03,1.5,-0.1,0.4,0.4,4,243.5
696,165,5.26,0.54,0.04,1.5,-0.1,0.8,0.4,4,245
696,166,5.27,0.54,0.04,1.5,-0.1,0,0.4,4,246.5
696,167,5.28,0.54,0,1.5,-0.1,-0.8,0.4,4,248
696,168,5.3,0.54,0,1.5,-0.11,-0.4,0.4,4,249.5
696,169,5.32,0.53,0.01,1.5,-0.13,-0.4,0.8,4,251
696,170,5.35,0.52,0.03,1.5,-0.15,-0.4,0.8,4,252.5
696,171,5.36,0.52,0.03,1.5,-0.15,0.8,0.4,4,254
696,172,5.39,0.52,0.02,1.5,-0.15,-0.8,0.8,4,255.5
696,173,5.4,0.51,0.01,1.5,-0.15,0.4,0.4,4,257
696,174,5.41,0.51,0,1.5,-0.16,0.4,0.4,4,258.5
696,175,5.44,0.5,0.02,1.5,-0.16,-0.4,1.6,4,260
696,176,5.48,0.5,0.04,1.5,-0.12,0.8,0.8,4,261.5
696,177,5.5,0.5,0.04,1,-0.11,0.4,0.4,4,262.5
696,178,5.53,0.5,0.06,1,-0.08,0.8,0.8,4,263.5
696,179,5.54,0.51,0.05,1,-0.06,0.4,0.4,4,264.5
696,180,5.57,0.51,0.07,1,-0.03,-0.4,1.6,5,265.5
696,181,5.61,0.52,0.01,1.5,0.01,0.4,0.4,5,267
696,182,5.63,0.53,0,1.5,0.02,0,0.8,5,268.5
696,183,5.65,0.53,0.01,1.5,0.03,0.8,0.4,5,270
696,184,5.67,0.54,0.02,1.5,0.06,0.8,0.8,5,271.5
696,185,5.69,0.55,0.03,1.5,0.08,0.4,0.4,6,273
696,186,5.71,0.56,0.02,1.5,0.1,0.8,0.8,6,274.5
696,187,5.72,0.57,0.01,1.5,0.13,0,0.4,6,276
696,188,5.74,0.58,0.04,1.5,0.14,0,0.4,6,277.5
696,189,5.75,0.58,0.05,1,0.17,0.8,0.4,6,278.5
696,190,5.76,0.59,0.04,1.5,0.19,0.4,0.4,6,280
696,191,5.78,0.61,0.03,1.5,0.23,0.8,0.8,6,281.5
696,192,5.81,0.63,0.01,1.5,0.29,0,0.8,7,283
696,193,5.83,0.65,0.06,1,0.34,-0.8,0.8,7,284
696,194,5.86,0.66,0.06,1,0.35,0,0.8,7,285
696,195,5.87,0.67,0.06,1,0.36,0,0.4,7,286
696,196,5.89,0.68,0.02,1.5,0.37,0.8,1.6,7,287.5
696,197,5.91,0.7,0.01,1.5,0.42,0.8,0.4,8,289
696,198,5.93,0.72,0,1.5,0.46,0.4,1.6,8,290.5
696,199,5.97,0.76,0.02,1.5,0.54,0.4,1.6,8,292
696,200,5.99,0.79,0,1.5,0.62,0.8,0.4,8,293.5
696,201,6,0.82,0.02,1.5,0.68,0.4,0.8,9,295
696,202,6.01,0.85,0.03,1.5,0.73,0.4,0.8,9,296.5
696,203,6.03,0.89,0.01,1.5,0.79,-0.4,1.6,9,298
696,204,6.05,0.92,0.01,1.5,0.83,0.4,0.4,9,299.5
696,205,6.06,0.95,0.01,1.5,0.88,0.8,1.6,9,301
696,206,6.07,0.99,0.01,1.5,0.94,0.4,0.8,10,302.5
696,207,6.07,1.01,0.01,1.5,0.96,0.8,0.4,10,304
696,208,6.07,1.02,0.01,1.5,0.98,0.8,0.4,10,305.5
696,209,6.07,1.04,0,1.5,0.99,0.4,0.4,10,307
696,210,6.08,1.07,0.01,1.5,1.04,-0.8,1.6,10,308.5
696,211,6.09,1.11,0.01,1.5,1.09,0.8,0.8,10,310
696,212,6.09,1.13,0,1.5,1.11,-0.4,0.4,10,311.5
696,213,6.1,1.15,0,1.5,1.12,-0.8,0.8,11,313
696,214,6.11,1.17,0,1.5,1.11,-0.4,0.4,11,314.5
696,215,6.12,1.19,0,1.5,1.09,-0.8,0.8,11,316
696,216,6.14,1.2,0.02,1.5,1.07,0,0.4,11,317.5
696,217,6.15,1.22,0,1.5,1.08,0.8,0.8,11,319
696,218,6.15,1.25,0,1.5,1.12,-0.8,0.8,11,320.5
696,219,6.16,1.26,0.01,1.5,1.11,-0.4,0.4,12,322
696,220,6.17,1.27,0.02,1.5,1.1,-0.4,0.4,12,323.5
696,221,6.18,1.29,0.02,1.5,1.09,0.8,0.8,12,325
696,222,6.19,1.31,0.02,1.5,1.1,0.8,0.4,12,326.5
696,223,6.19,1.34,0.06,1,1.14,0.8,0.8,12,327.5
696,224,6.19,1.36,0.06,1,1.19,-0.4,0.4,13,328.5
696,225,6.19,1.37,0.05,1,1.19,0.8,0.4,13,329.5
696,226,6.2,1.4,0.04,1,1.19,0.8,0.8,13,330.5
696,227,6.19,1.42,0.04,1,1.24,0.8,0.8,13,331.5
696,228,6.19,1.46,0.06,1,1.3,0.8,0.8,13,332.5
696,229,6.18,1.49,0.02,1.5,1.36,-0.4,0.8,14,334
696,230,6.17,1.51,0.01,1.5,1.41,0.4,0.4,14,335.5
696,231,6.17,1.52,0.01,1.5,1.4,0.8,0.4,14,337
696,232,6.17,1.53,0,1.5,1.42,0.8,0.4,14,338.5
696,233,6.16,1.56,0.01,1.5,1.46,0.8,0.8,14,340
696,234,6.14,1.58,0.01,1.5,1.53,0.8,0.8,15,341.5
696,235,6.13,1.6,0.02,1.5,1.6,0.8,0.4,15,343
696,236,6.11,1.63,0.02,1.5,1.66,-0.4,0.8,15,344.5
696,237,6.08,1.67,0.01,1.5,1.72,0.8,1.6,15,346
696,238,6.06,1.69,0,1.5,1.8,0.8,0.4,16,347.5
696,239,6.03,1.72,0,1.5,1.88,0.8,1.6,16,349
696,240,5.99,1.75,0.01,1.5,1.94,0.4,1.6,16,350.5
696,241,5.96,1.78,0,1.5,1.99,-0.8,0.8,17,352
696,242,5.94,1.8,0.01,1.5,2.02,0.8,0.8,17,353.5
696,243,5.92,1.82,0.02,1.5,2.04,0.4,0.8,17,355
696,244,5.9,1.84,0.03,1.5,2.07,-0.8,0.8,17,356.5
696,245,5.88,1.87,0.03,1.5,2.09,-0.4,1.6,17,358
696,246,5.86,1.91,0.03,1.5,2.09,-0.4,0.8,18,359.5
696,247,5.85,1.93,0.06,1,2.08,0.8,0.8,18,360.5
696,248,5.84,1.94,0.06,1,2.09,0.8,0.4,18,361.5
696,249,5.83,1.95,0.06,1,2.1,0.8,0.4,18,362.5
696,250,5.81,1.96,0.04,1.5,2.11,0.8,0.8,18,364
696,251,5.79,1.98,0.02,1.5,2.13,0.8,0.8,18,365.5
696,252,5.76,1.99,0.01,1.5,2.19,0.4,0.8,18,367
696,253,5.74,2,0,1.5,2.23,0.4,0.8,18,368.5
696,254,5.7,2.02,0.01,1.5,2.29,0.8,1.6,19,370
696,255,5.66,2.03,0.03,1.5,2.38,0.4,0.4,19,371.5
696,256,5.63,2.03,0.03,1.5,2.43,0.4,0.8,19,373
696,257,5.61,2.04,0.04,1.5,2.47,0.8,0.4,19,374.5
696,258,5.6,2.04,0.03,1.5,2.49,0.8,0.4,19,376
696,259,5.57,2.04,0.02,1.5,2.51,0.8,0.8,19,377.5
696,260,5.53,2.04,0.01,1.5,2.61,0.8,1.6,19,379
696,261,5.47,2.03,0.03,1.5,2.7,0.8,1.6,19,380.5
696,262,5.44,2.02,0.02,1.5,2.74,0.4,0.8,19,382
696,263,5.42,2.01,0.01,1.5,2.78,-0.4,0.4,19,383.5
696,264,5.38,2.01,0.01,1.5,2.84,0.8,1.6,19,385
696,265,5.34,2,0,1.5,2.9,0.4,0.8,20,386.5
696,266,5.32,1.99,0.01,1.5,2.95,0.4,0.8,20,388
696,267,5.3,1.99,0.01,1.5,2.99,0.8,0.4,20,389.5
696,268,5.27,1.98,0.02,1.5,3.03,-0.8,0.8,20,391
696,269,5.26,1.98,0.02,1.5,3.05,0,0.4,20,392.5
696,270,5.24,1.98,0.03,1.5,3.06,0,0.4,20,394
696,271,5.22,1.97,0.04,1.5,3.08,-0.4,0.8,20,395.5
696,272,5.17,1.97,0.04,1.5,3.09,0.4,1.6,20,397
696,273,5.14,1.97,0.04,1.5,3.12,0.4,0.4,20,398.5
696,274,5.11,1.96,0.05,1,-3.13,0.8,1.6,20,399.5
696,275,5.08,1.95,0.06,1,-3.09,-0.4,0.8,20,400.5
696,276,5.06,1.95,0.06,1,-3.08,-0.4,0.4,20,401.5
696,277,5.05,1.94,0.07,1,-3.08,0,0.4,20,402.5
696,278,5.03,1.94,0.07,1,-3.08,-0.4,0.4,20,403.5
696,279,5.02,1.94,0.07,1,-3.08,-0.4,0.4,20,404.5
696,280,5.01,1.94,0.07,1,-3.09,-0.4,0.4,20,405.5
696,281,4.98,1.95,0.06,1,-3.1,-0.4,0.8,20,406.5
696,282,4.96,1.96,0.05,1,-3.13,-0.4,0.8,20,407.5
696,283,4.93,1.96,0.05,1,3.14,0.8,0.8,20,408.5
696,284,4.9,1.96,0.05,1,3.14,0.4,0.8,20,409.5
696,285,4.86,1.96,0.05,1,3.14,0,1.6,20,410.5
696,286,4.83,1.96,0.05,1,-3.14,0.4,0.8,21,411.5
696,287,4.81,1.95,0.06,1,-3.13,-0.4,0.4,21,412.5
696,288,4.79,1.95,0.06,1,-3.12,0.4,0.8,21,413.5
696,289,4.77,1.95,0.06,1,-3.12,-0.4,0.4,21,414.5
696,290,4.75,1.95,0.06,1,-3.12,0.4,0.4,21,415.5
696,291,4.73,1.95,0.06,1,-3.11,0.4,0.8,21,416.5
696,292,4.7,1.95,0.06,1,-3.1,-0.4,0.8,21,417.5
696,293,4.69,1.94,0.07,1,-3.1,0,0.4,21,418.5
696,294,4.68,1.94,0.07,1,-3.1,-0.4,0.4,21,419.5
696,295,4.66,1.94,0.07,1,-3.1,-0.4,0.4,21,420.5
696,296,4.63,1.95,0.06,1,3.14,-0.8,1.6,21,421.5
696,297,4.58,1.97,0.04,1,3.09,-0.4,1.6,21,422.5
696,298,4.54,1.98,0.04,1.5,3.06,0.4,0.8,21,424
696,299,4.52,1.98,0.04,1.5,3.06,0.4,0.4,21,425.5
696,300,4.49,1.98,0.04,1.5,3.07,0.8,1.6,21,427
696,301,4.45,1.98,0.04,1.5,3.1,0,0.8,21,428.5
696,302,4.41,1.98,0.04,1.5,3.11,-0.4,1.6,21,430
696,303,4.37,1.98,0.03,1.5,3.11,0,0.4,22,431.5
696,304,4.35,1.98,0.02,1.5,3.11,-0.4,0.4,22,433
696,305,4.33,1.98,0.01,1.5,3.11,0,0.8,22,434.5
696,306,4.3,1.98,0,1.5,3.11,0.4,0.8,22,436
696,307,4.28,1.98,0.01,1.5,3.11,-0.8,0.4,22,437.5
696,308,4.25,1.99,0.01,1.5,3.08,-0.8,1.6,22,439
696,309,4.21,2.01,0.01,1.5,3.02,-0.8,0.8,22,440.5
696,310,4.18,2.03,0,1.5,2.96,-0.8,1.6,22,442
696,311,4.14,2.07,0.02,1.5,2.87,-0.8,1.6,23,443.5
696,312,4.11,2.1,0.04,1.5,2.82,0.4,0.8,23,445
696,313,4.09,2.11,0.04,1.5,2.79,0,0.4,23,446.5
696,314,4.07,2.13,0.05,1,2.74,-0.4,1.6,24,447.5
696,315,4.04,2.16,0.07,1,2.71,-0.8,0.8,24,448.5
696,316,4.03,2.17,0.07,1,2.71,0,0.4,24,449.5
696,317,4,2.19,0.05,1,2.67,0.4,1.6,24,450.5
696,318,3.96,2.23,0.05,1,2.66,-0.8,1.6,25,451.5
696,319,3.92,2.26,0.03,1.5,2.62,0.4,1.6,25,453
696,320,3.88,2.3,0.03,1.5,2.61,-0.4,1.6,25,454.5
696,321,3.85,2.32,0.02,1.5,2.62,0.8,0.4,25,456
696,322,3.83,2.34,0.01,1.5,2.62,-0.4,0.8,25,457.5
696,323,3.79,2.36,0.01,1.5,2.59,-0.8,1.6,25,459
696,324,3.77,2.39,0.01,1.5,2.59,0,0.4,25,460.5
696,325,3.76,2.4,0.01,1.5,2.6,-0.8,0.4,25,462
696,326,3.75,2.41,0.01,1.5,2.59,-0.4,0.4,25,463.5
696,327,3.73,2.44,0.01,1.5,2.52,-0.8,1.6,25,465
696,328,3.72,2.47,0,1.5,2.47,0.8,0.4,25,466.5
696,329,3.71,2.48,0,1.5,2.46,0,0.4,25,468
696,330,3.7,2.49,0,1.5,2.45,0.4,0.4,25,469.5
696,331,3.68,2.5,0.01,1.5,2.46,0.8,0.8,25,471
696,332,3.64,2.53,0.02,1.5,2.47,-0.8,1.6,25,472.5
696,333,3.61,2.55,0.03,1.5,2.46,0,0.4,25,474
696,334,3.6,2.56,0.04,1.5,2.46,-0.8,0.4,25,475.5
696,335,3.58,2.6,0.03,1.5,2.41,-0.8,1.6,25,477
696,336,3.56,2.63,0.03,1.5,2.37,0.4,0.8,25,478.5
696,337,3.55,2.65,0.02,1.5,2.35,-0.4,0.8,25,480
696,338,3.52,2.69,0.02,1.5,2.32,0.4,1.6,25,481.5
696,339,3.5,2.72,0.02,1.5,2.31,0,0.4,25,483
696,340,3.48,2.74,0.02,1.5,2.3,-0.4,0.8,25,484.5
696,341,3.48,2.76,0.01,1.5,2.28,-0.8,0.4,25,486
696,342,3.47,2.77,0.01,1.5,2.26,-0.8,0.4,25,487.5
696,343,3.47,2.8,0.01,1.5,2.22,0,0.8,25,489
696,344,3.46,2.82,0.01,1.5,2.19,-0.4,0.8,25,490.5
696,345,3.45,2.84,0.02,1.5,2.17,0.4,0.4,25,492
696,346,3.45,2.85,0.02,1.5,2.17,0.4,0.4,25,493.5
696,347,3.44,2.86,0.02,1.5,2.17,0.8,0.4,25,495
696,348,3.42,2.88,0.02,1.5,2.19,0.8,0.8,25,496.5
696,349,3.4,2.89,0.01,1.5,2.22,0.8,0.4,25,498
696,350,3.38,2.9,0,1.5,2.25,-0.8,0.8,25,499.5
696,351,3.36,2.92,0.01,1.5,2.26,-0.4,0.8,25,501
696,352,3.35,2.94,0,1.5,2.27,0.4,0.4,25,502.5
696,353,3.34,2.95,0,1.5,2.27,-0.8,0.4,25,504
696,354,3.33,2.96,0.01,1.5,2.26,-0.8,0.4,25,505.5
696,355,3.33,2.97,0,1.5,2.25,-0.8,0.4,25,507
696,356,3.32,3,0.01,1.5,2.22,-0.8,0.8,26,508.5
696,357,3.32,3.01,0.02,1.5,2.19,0.4,0.4,26,510
696,358,3.31,3.03,0.02,1.5,2.17,-0.8,0.4,26,511.5
696,359,3.31,3.04,0.03,1.5,2.15,0,0.4,26,513
696,360,3.3,3.06,0.03,1.5,2.14,0,0.4,26,514.5
696,361,3.3,3.07,0.04,1.5,2.12,0,0.4,26,516
696,362,3.29,3.08,0.03,1.5,2.12,0.8,0.4,26,517.5
696,363,3.29,3.09,0.04,1.5,2.12,0.8,0.4,26,519
696,364,3.28,3.1,0.04,1.5,2.13,-0.8,0.4,26,520.5
696,365,3.27,3.12,0.04,1.5,2.12,-0.8,0.4,26,522
696,366,3.27,3.13,0.05,1,2.11,-0.4,0.4,26,523
696,367,3.26,3.15,0.05,1,2.1,0.4,0.8,26,524
696,368,3.25,3.18,0.06,1,2.08,-0.8,0.8,26,525
696,369,3.24,3.21,0.07,1,2.06,-0.8,0.8,26,526
696,370,3.24,3.22,0.08,1,2.03,0,0.4,26,527
696,371,3.23,3.25,0.09,1,2,-0.4,1.6,26,528
696,372,3.23,3.28,0.11,1,1.96,0.4,0.4,26,529
696,373,3.23,3.3,0.12,1,1.96,0.4,0.4,26,530
696,374,3.22,3.32,0.13,1,1.95,0,0.8,26,531
696,375,3.21,3.34,0.13,1,1.94,0,0.4,26,532
696,376,3.2,3.36,0.13,0.6,1.96,0.4,1.6,26,532.6
696,377,3.19,3.39,0.14,0.6,1.98,0.4,0.4,26,533.2
696,378,3.17,3.42,0.15,0.6,2,0.8,1.6,26,533.8
696,379,3.15,3.44,0.14,0.6,2.04,0,0.4,26,534.4
696,380,3.13,3.46,0.14,0.6,2.06,-0.4,1.6,26,535
696,381,3.11,3.5,0.15,0.6,2.06,-0.8,0.4,26,535.6
696,382,3.1,3.52,0.15,0.6,2.06,-0.8,0.8,26,536.2
696,383,3.1,3.54,0.16,0.6,2.05,0.8,0.8,26,536.8
696,384,3.09,3.56,0.17,0.6,2.04,0,0.4,26,537.4
696,385,3.07,3.59,0.17,0.6,2.05,0.8,1.6,26,538
696,386,3.05,3.61,0.17,0.6,2.08,0.8,0.4,26,538.6
696,387,3.03,3.62,0.16,0.6,2.11,0.8,0.8,26,539.2
696,388,3.01,3.64,0.15,0.6,2.14,-0.8,0.8,26,539.8
696,389,3,3.66,0.16,0.6,2.15,0.4,0.4,26,540.4
696,390,3,3.67,0.16,0.6,2.15,0.4,0.4,26,541
696,391,2.99,3.68,0.16,0.6,2.15,0.4,0.8,26,541.6
696,392,2.97,3.7,0.16,0.6,2.16,-0.8,0.8,26,542.2
696,393,2.94,3.74,0.16,0.6,2.18,0,1.6,26,542.8
696,394,2.92,3.76,0.16,0.6,2.2,0.8,0.4,26,543.4
696,395,2.9,3.78,0.15,0.6,2.22,0,0.8,26,544
696,396,2.87,3.8,0.14,0.6,2.24,0,0.8,26,544.6
696,397,2.86,3.81,0.14,0.6,2.26,0.8,0.4,26,545.2
696,398,2.83,3.83,0.13,1,2.29,0.4,1.6,26,546.2
696,399,2.78,3.85,0,1.5,2.36,0.4,1.6,26,547.7
696,400,2.75,3.87,0.01,1.5,2.4,-0.4,0.8,26,549.2
696,401,2.73,3.88,0.01,1.5,2.42,-0.4,0.8,26,550.7
696,402,2.71,3.89,0.01,1.5,2.43,0.4,0.4,26,552.2
696,403,2.7,3.91,0.03,1.5,2.43,-0.8,0.8,27,553.7
696,404,2.68,3.93,0.04,1.5,2.41,-0.8,0.8,27,555.2
696,405,2.65,3.96,0.06,1,2.42,0.8,1.6,27,556.2
696,406,2.63,3.98,0.06,1,2.42,0.4,0.8,27,557.2
696,407,2.61,3.99,0.02,1.5,2.42,0.4,0.4,27,558.7
696,408,2.6,4,0.01,1.5,2.44,0.8,0.4,27,560.2
696,409,2.59,4,0.01,1.5,2.46,0.8,0.4,27,561.7
696,410,2.57,4.01,0,1.5,2.48,0.4,0.4,27,563.2
696,411,2.54,4.02,0.01,1.5,2.52,0,1.6,27,564.7
696,412,2.5,4.03,0.01,1.5,2.57,0,0.4,28,566.2
696,413,2.49,4.03,0.02,1.5,2.59,0.8,0.4,28,567.7
696,414,2.47,4.04,0.03,1.5,2.6,-0.8,0.4,28,569.2
696,415,2.46,4.04,0.04,1.5,2.61,0.4,0.4,28,570.7
696,416,2.43,4.05,0.05,1,2.62,-0.4,0.8,28,571.7
696,417,2.42,4.06,0.06,1,2.64,0,0.4,28,572.7
696,418,2.4,4.07,0.06,1,2.65,0.8,0.8,28,573.7
696,419,2.38,4.07,0.06,1,2.67,0.8,0.4,28,574.7
696,420,2.36,4.07,0.05,1,2.7,0.8,0.4,28,575.7
696,421,2.35,4.07,0.05,1,2.72,0.8,0.4,28,576.7
696,422,2.32,4.07,0.04,1.5,2.77,0.8,0.8,29,578.2
696,423,2.3,4.06,0.02,1.5,2.83,0.8,0.8,29,579.7
696,424,2.28,4.05,0,1.5,2.86,0,0.4,29,581.2
696,425,2.25,4.05,0.01,1.5,2.92,0.8,0.8,29,582.7
696,426,2.23,4.04,0.03,1.5,2.96,0.4,0.4,29,584.2
696,427,2.2,4.02,0.03,1.5,3.03,0.8,1.6,29,585.7
696,428,2.17,4.01,0.02,1.5,3.08,0.8,0.8,29,587.2
696,429,2.15,3.99,0,1.5,3.12,0.4,0.8,29,588.7
696,430,2.13,3.98,0.01,1.5,-3.13,0.8,0.4,29,590.2
696,431,2.12,3.98,0.01,1.5,-3.11,0,0.4,29,591.7
696,432,2.11,3.97,0.02,1.5,-3.08,-0.8,0.4,29,593.2
696,433,2.09,3.97,0.02,1.5,-3.08,-0.8,0.4,29,594.7
696,434,2.08,3.97,0.02,1.5,-3.07,0.4,0.4,29,596.2
696,435,2.05,3.96,0.03,1.5,-3.05,0.4,1.6,29,597.7
696,436,2.02,3.95,0.03,1.5,-3.04,-0.4,0.8,29,599.2
696,437,1.97,3.94,0.04,1.5,-3.02,0.4,1.6,29,600.7
696,438,1.94,3.94,0.04,1.5,-3.01,-0.8,0.4,29,602.2
696,439,1.92,3.94,0.04,1.5,-3.02,-0.8,0.4,29,603.7
696,440,1.91,3.94,0.04,1.5,-3.04,-0.8,0.4,29,605.2
696,441,1.89,3.94,0.04,1.5,-3.05,0.4,0.4,29,606.7
696,442,1.88,3.94,0.04,1.5,-3.07,-0.4,0.4,29,608.2
696,443,1.86,3.95,0.03,1.5,-3.08,-0.4,0.4,29,609.7
696,444,1.84,3.95,0.03,1.5,-3.1,-0.8,0.8,29,611.2
696,445,1.83,3.96,0.02,1.5,-3.11,-0.8,0.4,29,612.7
696,446,1.8,3.97,0,1.5,3.14,0,0.8,29,614.2
696,447,1.79,3.97,0,1.5,3.12,0.4,0.4,29,615.7
696,448,1.76,3.98,0.01,1.5,3.1,0,0.8,29,617.2
696,449,1.73,3.98,0.01,1.5,3.08,0,0.8,30,618.7
696,450,1.72,3.99,0.02,1.5,3.08,0.8,0.4,30,620.2
696,451,1.69,3.99,0.02,1.5,3.08,-0.4,0.8,30,621.7
696,452,1.67,3.99,0.02,1.5,3.07,-0.8,0.4,30,623.2
696,453,1.65,4,0.03,1.5,3.04,-0.8,0.8,30,624.7
696,454,1.62,4.01,0.04,1.5,3.01,0.4,0.8,30,626.2
696,455,1.61,4.02,0.05,1,3,0.4,0.4,30,627.2
696,456,1.58,4.02,0.05,1,2.99,-0.4,0.8,30,628.2
696,457,1.56,4.03,0.06,1,2.96,-0.8,0.8,30,629.2
696,458,1.52,4.06,0.1,1,2.91,-0.8,1.6,30,630.2
696,459,1.49,4.08,0.12,1,2.89,0,0.8,30,631.2
696,460,1.47,4.09,0.13,1,2.86,0.8,0.8,30,632.2
696,461,1.44,4.1,0.14,0.6,2.85,0,0.8,30,632.8
696,462,1.42,4.11,0.09,1,2.85,0.8,0.8,30,633.8
696,463,1.39,4.11,0.1,1,2.85,0.4,0.8,30,634.8
696,464,1.37,4.12,0.11,1,2.85,0.8,0.4,30,635.8
696,465,1.35,4.11,0.11,1,2.88,0.8,0.8,30,636.8
696,466,1.32,4.11,0.09,1,2.92,0.4,0.8,30,637.8
696,467,1.28,4.1,0.1,1,3,0.8,1.6,30,638.8
696,468,1.23,4.08,0.1,1,3.08,0.8,1.6,30,639.8
696,469,1.2,4.06,0.02,1.5,-3.11,0.8,0.8,30,641.3
696,470,1.19,4.05,0.01,1.5,-3.09,0.8,0.4,30,642.8
696,471,1.17,4.02,0,1.5,-3,0.8,1.6,30,644.3
696,472,1.15,4,0,1.5,-2.93,0.8,0.4,30,645.8
696,473,1.13,3.98,0,1.5,-2.86,-0.8,0.8,31,647.3
696,474,1.11,3.96,0.01,1.5,-2.83,0.8,0.8,31,648.8
696,475,1.1,3.95,0,1.5,-2.8,0.4,0.4,31,650.3
696,476,1.09,3.94,0.01,1.5,-2.77,0.4,0.4,31,651.8
696,477,1.08,3.93,0.01,1.5,-2.74,0.4,0.4,31,653.3
696,478,1.07,3.92,0.01,1.5,-2.72,-0.4,0.4,31,654.8
696,479,1.06,3.91,0,1.5,-2.71,0.4,0.4,31,656.3
696,480,1.04,3.89,0.01,1.5,-2.68,0.4,0.8,32,657.8
696,481,1.02,3.88,0.01,1.5,-2.67,-0.8,0.8,32,659.3
696,482,0.99,3.86,0.01,1.5,-2.67,-0.8,0.8,32,660.8
696,483,0.97,3.86,0,1.5,-2.69,-0.8,0.4,32,662.3
696,484,0.96,3.86,0,1.5,-2.7,0.4,0.4,32,663.8
696,485,0.94,3.85,0.01,1.5,-2.71,0,0.8,32,665.3
696,486,0.91,3.84,0,1.5,-2.74,-0.8,0.8,32,666.8
696,487,0.87,3.84,0,1.5,-2.79,-0.4,1.6,32,668.3
696,488,0.83,3.84,0.03,1.5,-2.83,-0.4,0.8,33,669.8
696,489,0.81,3.83,0.02,1.5,-2.82,0.8,0.4,33,671.3
696,490,0.8,3.83,0.03,1.5,-2.83,0.4,0.4,33,672.8
696,491,0.78,3.82,0.03,1.5,-2.84,0.4,0.8,33,674.3
696,492,0.76,3.82,0.09,1,-2.83,0.8,0.4,33,675.3
696,493,0.75,3.81,0.09,1,-2.82,0.8,0.4,33,676.3
696,494,0.74,3.8,0.09,1,-2.79,0.8,0.4,33,677.3
696,495,0.72,3.77,0.09,1,-2.73,0.8,0.8,33,678.3
696,496,0.71,3.75,0.08,1,-2.68,0.8,0.4,33,679.3
696,497,0.7,3.74,0.08,1,-2.63,0.8,0.4,33,680.3
696,498,0.69,3.72,0.07,1,-2.59,0.8,0.4,33,681.3
696,499,0.68,3.69,0.05,1,-2.53,0,1.6,33,682.3
696,500,0.66,3.65,0.03,1.5,-2.45,0.4,0.8,33,683.8
696,501,0.66,3.64,0.02,1.5,-2.43,0.4,0.4,33,685.3
696,502,0.64,3.61,0,1.5,-2.37,0.4,1.6,33,686.8
696,503,0.63,3.55,0,1.5,-2.28,0.4,1.6,34,688.3
696,504,0.62,3.52,0,1.5,-2.24,0.8,0.8,34,689.8
696,505,0.62,3.5,0,1.5,-2.22,0.8,0.4,34,691.3
696,506,0.62,3.46,0.01,1.5,-2.14,0.8,1.6,34,692.8
696,507,0.62,3.43,0,1.5,-2.08,0.8,0.8,34,694.3
696,508,0.62,3.38,0.02,1.5,-2.03,0,1.6,34,695.8
696,509,0.62,3.35,0.03,1.5,-1.98,0.8,0.4,34,697.3
696,510,0.63,3.32,0.05,1,-1.9,-0.4,1.6,35,698.3
696,511,0.63,3.27,0.05,1,-1.84,-0.8,1.6,35,699.3
696,512,0.62,3.23,0.05,1,-1.83,0.4,0.4,36,700.3
696,513,0.62,3.22,0.05,1,-1.82,0,0.4,36,701.3
696,514,0.62,3.2,0.05,1,-1.82,0,0.8,36,702.3
696,515,0.61,3.17,0.03,1.5,-1.82,-0.8,0.8,36,703.8
696,516,0.61,3.16,0.03,1.5,-1.83,0.8,0.4,36,705.3
696,517,0.6,3.13,0.02,1.5,-1.8,0.4,1.6,36,706.8
696,518,0.6,3.09,0.01,1.5,-1.79,-0.8,0.4,36,708.3
696,519,0.6,3.08,0.01,1.5,-1.79,0.8,0.4,36,709.8
696,520,0.59,3.06,0.01,1.5,-1.78,0.4,0.8,36,711.3
696,521,0.59,3.04,0.01,1.5,-1.77,0,0.4,36,712.8
696,522,0.59,3.01,0.02,1.5,-1.77,-0.8,0.8,36,714.3
696,523,0.58,2.99,0.03,1.5,-1.77,0.8,0.8,36,715.8
696,524,0.58,2.96,0.04,1.5,-1.77,0.8,0.8,36,717.3
696,525,0.58,2.94,0.04,1.5,-1.77,0.4,0.4,36,718.8
696,526,0.58,2.92,0.04,1.5,-1.75,-0.8,0.8,36,720.3
696,527,0.57,2.89,0.06,1,-1.75,0.4,0.8,36,721.3
696,528,0.57,2.87,0.06,1,-1.73,0.8,0.4,36,722.3
696,529,0.58,2.84,0.06,1,-1.7,0.4,0.8,36,723.3
696,530,0.58,2.83,0.06,1,-1.68,0.4,0.4,36,724.3
696,531,0.59,2.8,0.06,1,-1.66,0.4,0.8,36,725.3
696,532,0.59,2.76,0.06,1,-1.62,-0.4,1.6,36,726.3
696,533,0.6,2.72,0.06,1,-1.58,0.8,0.4,36,727.3
696,534,0.6,2.71,0.06,1,-1.57,-0.4,0.4,36,728.3
696,535,0.61,2.68,0.06,1,-1.55,0,0.8,36,729.3
696,536,0.61,2.67,0.06,1,-1.54,0.4,0.4,36,730.3
696,537,0.62,2.64,0.06,1,-1.51,0.8,0.8,36,731.3
696,538,0.63,2.62,0.05,1,-1.47,0.8,0.8,36,732.3
696,539,0.65,2.6,0.04,1.5,-1.42,0.8,0.8,36,733.8
696,540,0.66,2.58,0.03,1.5,-1.4,0,0.4,36,735.3
696,541,0.67,2.56,0.02,1.5,-1.37,0.8,0.8,36,736.8
696,542,0.69,2.54,0.01,1.5,-1.33,0.4,0.8,36,738.3
696,543,0.7,2.53,0,1.5,-1.3,0.4,0.4,36,739.8
696,544,0.72,2.51,0.01,1.5,-1.27,0,0.8,36,741.3
696,545,0.74,2.49,0.03,1.5,-1.23,0.8,0.8,36,742.8
696,546,0.75,2.47,0.04,1.5,-1.21,-0.4,0.8,36,744.3
696,547,0.76,2.45,0.04,1.5,-1.2,-0.4,0.4,36,745.8
696,548,0.77,2.43,0.05,1,-1.2,-0.8,1.6,36,746.8
696,549,0.78,2.39,0.05,1,-1.22,-0.4,0.4,36,747.8
696,550,0.78,2.38,0.05,1,-1.22,0.8,0.4,36,748.8
696,551,0.79,2.36,0.05,1,-1.24,0,0.8,36,749.8
696,552,0.79,2.35,0.05,1,-1.24,0.8,0.4,36,750.8
696,553,0.8,2.34,0.06,1,-1.23,-0.8,0.4,36,751.8
696,554,0.8,2.31,0.06,1,-1.23,-0.8,0.8,36,752.8
696,555,0.81,2.27,0.06,1,-1.25,-0.4,1.6,36,753.8
696,556,0.81,2.25,0.05,1,-1.27,0.4,0.4,36,754.8
696,557,0.82,2.23,0.06,1,-1.28,-0.8,0.8,36,755.8
696,558,0.82,2.18,0.05,1,-1.3,-0.8,1.6,36,756.8
696,559,0.81,2.15,0.03,1.5,-1.33,0.8,0.4,36,758.3
696,560,0.81,2.12,0.03,1.5,-1.36,-0.8,1.6,36,759.8
696,561,0.81,2.08,0.02,1.5,-1.39,0.8,0.8,37,761.3
696,562,0.82,2.05,0.02,1.5,-1.39,0.4,0.8,37,762.8
696,563,0.82,2.03,0.02,1.5,-1.39,-0.4,0.4,37,764.3
696,564,0.82,2.02,0.02,1.5,-1.4,0.4,0.4,37,765.8
696,565,0.83,2,0.02,1.5,-1.4,-0.8,0.4,37,767.3
696,566,0.83,1.97,0.02,1.5,-1.42,0,1.6,37,768.8
696,567,0.83,1.93,0.01,1.5,-1.43,0,0.4,37,770.3
696,568,0.83,1.92,0.01,1.5,-1.44,-0.8,0.4,37,771.8
696,569,0.83,1.9,0.01,1.5,-1.46,0,0.4,37,773.3
696,570,0.82,1.89,0.01,1.5,-1.47,0,0.4,37,774.8
696,571,0.82,1.87,0.01,1.5,-1.48,0,0.4,37,776.3
696,572,0.82,1.85,0.01,1.5,-1.5,-0.8,0.8,37,777.8
696,573,0.82,1.83,0.02,1.5,-1.52,0,0.4,37,779.3
696,574,0.82,1.82,0.02,1.5,-1.53,0.4,0.4,37,780.8
696,575,0.82,1.79,0.03,1.5,-1.52,0.8,0.8,37,782.3
696,576,0.82,1.77,0.03,1.5,-1.51,0.4,0.4,37,783.8
696,577,0.83,1.75,0.02,1.5,-1.48,0.8,0.8,37,785.3
696,578,0.84,1.73,0.02,1.5,-1.46,0,0.4,37,786.8
696,579,0.84,1.72,0.02,1.5,-1.44,0,0.4,37,788.3
696,580,0.85,1.71,0.01,1.5,-1.43,-0.4,0.4,37,789.8
696,581,0.85,1.69,0.01,1.5,-1.43,0.4,0.4,37,791.3
696,582,0.86,1.68,0.01,1.5,-1.42,0.8,0.4,37,792.8
696,583,0.86,1.67,0.01,1.5,-1.4,0,0.4,37,794.3
696,584,0.87,1.66,0,1.5,-1.39,0,0.4,37,795.8
696,585,0.88,1.64,0,1.5,-1.37,0.8,0.4,37,797.3
696,586,0.88,1.63,0,1.5,-1.35,0,0.4,37,798.8
696,587,0.89,1.62,0.01,1.5,-1.34,-0.8,0.4,37,800.3
696,588,0.89,1.59,0.01,1.5,-1.35,-0.8,0.8,37,801.8
696,589,0.89,1.58,0,1.5,-1.36,0,0.4,37,803.3
696,590,0.89,1.56,0,1.5,-1.37,-0.8,0.4,37,804.8
696,591,0.89,1.55,0,1.5,-1.38,0.4,0.4,37,806.3
696,592,0.89,1.53,0.01,1.5,-1.39,-0.4,0.4,37,807.8
696,593,0.89,1.52,0.01,1.5,-1.4,0,0.4,37,809.3
696,594,0.89,1.5,0.01,1.5,-1.41,-0.4,0.4,37,810.8
696,595,0.89,1.49,0.01,1.5,-1.42,0.4,0.4,37,812.3
696,596,0.89,1.48,0.02,1.5,-1.43,0.4,0.4,37,813.8
696,597,0.9,1.44,0.01,1.5,-1.43,0,1.6,37,815.3
696,598,0.91,1.4,0.01,1.5,-1.41,0.8,0.4,37,816.8
696,599,0.91,1.39,0.01,1.5,-1.4,0.8,0.4,37,818.3
696,600,0.92,1.38,0.01,1.5,-1.38,0.8,0.4,37,819.8
696,601,0.93,1.36,0,1.5,-1.35,-0.8,0.8,37,821.3
696,602,0.94,1.34,0.01,1.5,-1.34,0.4,0.4,37,822.8
696,603,0.95,1.33,0.01,1.5,-1.33,0,0.4,37,824.3
696,604,0.95,1.31,0.01,1.5,-1.33,-0.8,0.4,37,825.8
696,605,0.95,1.3,0.01,1.5,-1.33,0,0.4,37,827.3
696,606,0.96,1.28,0.01,1.5,-1.34,-0.8,0.8,37,828.8
696,607,0.96,1.26,0.01,1.5,-1.36,0,0.4,37,830.3
696,608,0.95,1.23,0,1.5,-1.38,-0.8,0.8,37,831.8
696,609,0.95,1.21,0.01,1.5,-1.41,-0.8,0.8,37,833.3
696,610,0.94,1.18,0.02,1.5,-1.45,0.4,0.8,37,834.8
696,611,0.94,1.15,0.03,1.5,-1.48,-0.4,0.8,37,836.3
696,612,0.93,1.12,0.02,1.5,-1.5,-0.4,0.8,37,837.8
696,613,0.94,1.11,0.02,1.5,-1.5,0.8,0.4,37,839.3
696,614,0.94,1.09,0.01,1.5,-1.5,0.8,0.4,37,840.8
696,615,0.94,1.08,0.01,1.5,-1.49,0.4,0.4,37,842.3
696,616,0.94,1.06,0.01,1.5,-1.48,0.8,0.4,37,843.8
696,617,0.95,1.05,0.01,1.5,-1.46,0.8,0.4,37,845.3
696,618,0.96,1.04,0.01,1.5,-1.44,-0.8,0.4,37,846.8
696,619,0.96,1.02,0.02,1.5,-1.43,-0.4,0.4,37,848.3
696,620,0.97,1.01,0.02,1.5,-1.42,0.8,0.4,37,849.8
696,621,0.97,1,0.02,1.5,-1.4,0.8,0.4,37,851.3
696,622,0.98,0.98,0.02,1.5,-1.39,0.8,0.4,37,852.8
696,623,1,0.96,0.01,1.5,-1.33,0.4,1.6,37,854.3
696,624,1.02,0.93,0.01,1.5,-1.29,-0.8,0.4,37,855.8
696,625,1.03,0.91,0.01,1.5,-1.28,0.4,0.4,38,857.3
696,626,1.04,0.9,0.02,1.5,-1.26,0.8,0.4,38,858.8
696,627,1.05,0.89,0.03,1.5,-1.24,0.8,0.4,38,860.3
696,628,1.07,0.86,0.04,1.5,-1.19,0,1.6,38,861.8
696,629,1.09,0.84,0.03,1.5,-1.14,0.4,0.4,38,863.3
696,630,1.11,0.82,0.03,1.5,-1.11,-0.8,0.8,38,864.8
696,631,1.14,0.78,0.02,1.5,-1.08,0.8,1.6,39,866.3
696,632,1.16,0.76,0.02,1.5,-1.04,0.4,0.4,39,867.8
696,633,1.17,0.75,0.01,1.5,-1.03,0.4,0.4,39,869.3
696,634,1.18,0.74,0.01,1.5,-1.01,0,0.4,39,870.8
696,635,1.19,0.73,0,1.5,-1,0,0.4,39,872.3
696,636,1.22,0.7,0.01,1.5,-0.96,0.4,1.6,40,873.8
696,637,1.25,0.68,0.01,1.5,-0.92,0.8,0.4,40,875.3
696,638,1.26,0.68,0.01,1.5,-0.9,-0.4,0.4,40,876.8
696,639,1.28,0.66,0,1.5,-0.89,-0.4,0.8,40,878.3
696,640,1.32,0.63,0.01,1.5,-0.87,0,1.6,40,879.8
696,641,1.34,0.61,0.01,1.5,-0.84,0.4,0.4,41,881.3
696,642,1.36,0.6,0.02,1.5,-0.83,0.4,0.4,41,882.8
696,643,1.37,0.59,0.01,1.5,-0.82,0.8,0.4,41,884.3
696,644,1.38,0.58,0,1.5,-0.8,0.8,0.4,41,885.8
696,645,1.4,0.58,0,1.5,-0.77,0.8,0.8,41,887.3
696,646,1.42,0.57,0.01,1.5,-0.74,0.8,0.4,41,888.8
696,647,1.44,0.57,0.01,1.5,-0.71,0.8,0.4,41,890.3
696,648,1.45,0.57,0.01,1.5,-0.68,0,0.4,0,891.8
696,649,1.47,0.57,0.01,1.5,-0.64,0.4,0.8,0,893.3
696,650,1.49,0.56,0.02,1.5,-0.61,-0.4,0.4,0,894.8
696,651,1.51,0.56,0.01,1.5,-0.59,0.4,0.4,0,896.3
696,652,1.52,0.55,0.02,1.5,-0.58,-0.8,0.4,0,897.8
696,653,1.53,0.55,0.01,1.5,-0.58,-0.4,0.4,0,899.3
696,654,1.54,0.54,0.02,1.5,-0.57,0.8,0.4,0,900.8
696,655,1.56,0.54,0.01,1.5,-0.56,0.8,0.4,0,902.3
696,656,1.59,0.53,0.01,1.5,-0.51,0.4,1.6,0,903.8
696,657,1.63,0.52,0,1.5,-0.46,0.4,0.8,0,905.3
696,658,1.65,0.52,0.01,1.5,-0.44,0,0.4,0,906.8
696,659,1.66,0.52,0.02,1.5,-0.42,0.8,0.4,0,908.3
696,660,1.68,0.52,0.02,1.5,-0.4,0,0.4,0,909.8
696,661,1.69,0.52,0.03,1.5,-0.39,0,0.4,0,911.3
696,662,1.73,0.51,0.07,1,-0.34,0.4,1.6,0,912.3
696,663,1.77,0.51,0.07,1,-0.3,-0.4,0.8,0,913.3
696,664,1.8,0.51,0.07,1,-0.26,-0.8,0.8,0,914.3
696,665,1.82,0.51,0.07,1,-0.25,0.4,0.4,0,915.3
696,666,1.83,0.51,0.07,1,-0.24,0,0.4,0,916.3
696,667,1.86,0.5,0.08,1,-0.25,-0.4,0.8,0,917.3
696,668,1.88,0.5,0.08,1,-0.25,0,0.8,0,918.3
696,669,1.9,0.49,0.09,1,-0.25,0.4,0.4,0,919.3
696,670,1.91,0.49,0.09,1,-0.25,-0.4,0.4,0,920.3
696,671,1.94,0.48,0.1,1,-0.25,0,0.8,0,921.3
696,672,1.96,0.48,0.1,1,-0.24,0.4,0.4,0,922.3
696,673,1.98,0.48,0.1,1,-0.23,0.8,0.8,0,923.3
696,674,2,0.48,0.1,1,-0.19,0.4,0.4,0,924.3
696,675,2.02,0.48,0.1,1,-0.18,0,0.8,1,925.3
696,676,2.04,0.48,0.1,1,-0.16,0.8,0.4,1,926.3
696,677,2.06,0.49,0.09,1,-0.14,0.8,0.4,1,927.3
696,678,2.07,0.49,0.09,1,-0.1,0.8,0.4,1,928.3
696,679,2.09,0.5,0.08,1,-0.09,0.4,0.4,1,929.3
696,680,2.11,0.5,0.08,1,-0.06,-0.4,0.8,1,930.3
696,681,2.13,0.51,0.07,1,-0.03,0,0.4,1,931.3
696,682,2.14,0.51,0.07,1,-0.02,0.4,0.4,1,932.3
696,683,2.17,0.52,0.06,1,-0.01,0.4,0.8,1,933.3
696,684,2.18,0.53,0.05,1,0.02,0,0.4,1,934.3
696,685,2.21,0.54,0.04,1,0.05,0.4,0.8,1,935.3
696,686,2.23,0.54,0.04,1.5,0.06,0,0.4,1,936.8
696,687,2.24,0.54,0.04,1.5,0.08,0,0.4,1,938.3
696,688,2.25,0.55,0.03,1.5,0.08,0,0.4,1,939.8
696,689,2.27,0.55,0.03,1.5,0.09,0.4,0.4,1,941.3
696,690,2.28,0.56,0.02,1.5,0.11,0.4,0.4,1,942.8
696,691,2.29,0.56,0.02,1.5,0.12,0,0.4,1,944.3
696,692,2.31,0.56,0.02,1.5,0.12,-0.8,0.4,1,945.8
696,693,2.32,0.56,0.02,1.5,0.12,-0.4,0.4,1,947.3
696,694,2.35,0.56,0.02,1.5,0.1,-0.8,0.8,1,948.8
696,695,2.36,0.56,0.02,1.5,0.08,-0.8,0.4,1,950.3
696,696,2.38,0.55,0.03,1.5,0.06,-0.8,0.4,1,951.8
696,697,2.39,0.55,0.03,1.5,0.03,0.4,0.4,1,953.3
696,698,2.41,0.54,0.04,1.5,0.02,0.8,0.4,1,954.8
696,699,2.42,0.55,0.03,1.5,0.02,0.8,0.4,1,956.3
696,700,2.43,0.55,0.03,1.5,0.03,-0.4,0.4,1,957.8
696,701,2.45,0.55,0.03,1.5,0.03,0,0.4,1,959.3
696,702,2.46,0.55,0.03,1.5,0.04,0.8,0.4,1,960.8
696,703,2.48,0.55,0.03,1.5,0.05,-0.4,0.4,1,962.3
696,704,2.49,0.55,0.03,1.5,0.05,-0.8,0.4,1,963.8
696,705,2.5,0.55,0.03,1.5,0.04,0.4,0.4,1,965.3
696,706,2.52,0.55,0.03,1.5,0.04,-0.8,0.4,1,966.8
696,707,2.53,0.55,0.03,1.5,0.03,0.4,0.4,1,968.3
696,708,2.55,0.55,0.03,1.5,0.03,-0.4,0.4,1,969.8
696,709,2.57,0.55,0.03,1.5,0.02,0.4,0.8,1,971.3
696,710,2.6,0.55,0.03,1.5,0.02,0.4,0.8,1,972.8
696,711,2.63,0.56,0.02,1.5,0.04,0.8,0.8,1,974.3
696,712,2.65,0.56,0.02,1.5,0.06,0.4,0.8,1,975.8
696,713,2.67,0.57,0.01,1.5,0.08,-0.8,0.4,1,977.3
696,714,2.69,0.57,0.01,1.5,0.08,-0.4,0.8,1,978.8
696,715,2.71,0.57,0.01,1.5,0.07,-0.8,0.4,1,980.3
696,716,2.73,0.56,0.02,1.5,0.05,-0.8,0.4,1,981.8
696,717,2.74,0.56,0.02,1.5,0.03,0.4,0.4,1,983.3
696,718,2.76,0.56,0.02,1.5,0.02,0.4,0.4,1,984.8
696,719,2.78,0.56,0.02,1.5,0.02,0.4,0.8,1,986.3
696,720,2.81,0.56,0.02,1.5,0.02,0.4,0.8,1,987.8
696,721,2.84,0.57,0.01,1.5,0.04,0.4,0.8,1,989.3
696,722,2.85,0.57,0.01,1.5,0.05,0,0.4,1,990.8
696,723,2.87,0.57,0.01,1.5,0.05,-0.8,0.4,1,992.3
696,724,2.88,0.57,0.01,1.5,0.04,-0.8,0.4,1,993.8
696,725,2.9,0.56,0.02,1.5,0.02,0,0.4,1,995.3
696,726,2.91,0.56,0.02,1.5,0.02,0.4,0.4,1,996.8
696,727,2.93,0.56,0.02,1.5,0.01,-0.4,0.4,1,998.3
696,728,2.94,0.56,0.02,1.5,0,0,0.4,1,999.8
696,729,2.96,0.56,0.02,1.5,0,0.4,0.8,1,1001.3
696,730,2.99,0.56,0.02,1.5,0,-0.4,0.8,1,1002.8
696,731,3.01,0.56,0.02,1.5,-0.01,-0.4,0.4,2,1004.3
696,732,3.03,0.55,0.03,1.5,-0.02,0.4,0.8,2,1005.8
696,733,3.06,0.55,0.03,1.5,-0.01,0.4,0.8,2,1007.3
696,734,3.08,0.56,0.02,1.5,-0.01,0,0.4,2,1008.8
696,735,3.09,0.56,0.02,1.5,-0.01,0,0.4,2,1010.3
696,736,3.11,0.56,0.02,1.5,0,0,0.4,2,1011.8
696,737,3.13,0.55,0.03,1.5,-0.01,-0.8,0.8,2,1013.3
696,738,3.15,0.55,0.03,1.5,-0.03,-0.4,0.4,2,1014.8
696,739,3.16,0.55,0.03,1.5,-0.03,0.4,0.4,2,1016.3
696,740,3.18,0.55,0.03,1.5,-0.04,0.4,0.4,2,1017.8
696,741,3.19,0.55,0.03,1.5,-0.03,0.4,0.4,2,1019.3
696,742,3.21,0.55,0.03,1.5,-0.03,0.4,0.4,2,1020.8
696,743,3.22,0.55,0.03,1.5,-0.02,0.4,0.4,2,1022.3
696,744,3.23,0.55,0.03,1.5,-0.01,0,0.4,2,1023.8
696,745,3.25,0.56,0.02,1.5,0,0,0.4,2,1025.3
696,746,3.27,0.56,0.02,1.5,0.02,0.8,0.8,2,1026.8
696,747,3.29,0.57,0.01,1.5,0.04,-0.8,0.4,2,1028.3
696,748,3.3,0.57,0.01,1.5,0.04,-0.8,0.4,2,1029.8
696,749,3.32,0.56,0.02,1.5,0.03,-0.4,0.4,2,1031.3
696,750,3.34,0.56,0.02,1.5,0.01,-0.4,0.8,2,1032.8
696,751,3.36,0.56,0.02,1.5,0,0.4,0.4,2,1034.3
696,752,3.37,0.56,0.02,1.5,-0.01,-0.4,0.4,2,1035.8
696,753,3.4,0.55,0.03,1.5,-0.03,-0.4,0.8,2,1037.3
696,754,3.44,0.54,0.04,1.5,-0.07,-0.4,1.6,2,1038.8
696,755,3.48,0.53,0.05,1,-0.1,0,0.4,2,1039.8
696,756,3.49,0.52,0.06,1,-0.11,0.4,0.4,2,1040.8
696,757,3.51,0.52,0.06,1,-0.1,0.8,0.8,2,1041.8
696,758,3.54,0.53,0.05,1,-0.07,0.8,0.8,2,1042.8
696,759,3.57,0.54,0.04,1.5,-0.03,0.8,0.8,2,1044.3
696,760,3.58,0.54,0.04,1.5,-0.01,0.8,0.4,2,1045.8
696,761,3.6,0.55,0.03,1.5,0.01,0.8,0.4,2,1047.3
696,762,3.61,0.56,0.02,1.5,0.03,0,0.4,2,1048.8
696,763,3.62,0.56,0.02,1.5,0.06,-0.4,0.4,2,1050.3
696,764,3.64,0.57,0.01,1.5,0.06,-0.8,0.4,2,1051.8
696,765,3.65,0.57,0.01,1.5,0.06,-0.8,0.4,2,1053.3
696,766,3.67,0.56,0.02,1.5,0.05,-0.8,0.4,2,1054.8
696,767,3.68,0.56,0.02,1.5,0.03,0,0.4,2,1056.3
696,768,3.69,0.56,0.02,1.5,0.01,-0.4,0.4,2,1057.8
696,769,3.72,0.55,0.03,1.5,-0.02,-0.8,0.8,2,1059.3
696,770,3.73,0.54,0.04,1.5,-0.05,0.4,0.4,2,1060.8
696,771,3.75,0.53,0.05,1,-0.06,-0.8,0.4,2,1061.8
696,772,3.76,0.53,0.05,1,-0.08,0.4,0.4,2,1062.8
696,773,3.77,0.53,0.05,1,-0.09,0.8,0.4,2,1063.8
696,774,3.8,0.53,0.05,1,-0.08,0.8,0.8,2,1064.8
696,775,3.82,0.53,0.05,1,-0.06,0.8,0.4,2,1065.8
696,776,3.83,0.54,0.04,1.5,-0.04,0.4,0.4,2,1067.3
696,777,3.84,0.54,0.04,1.5,-0.03,-0.4,0.4,2,1068.8
696,778,3.88,0.54,0.04,1.5,-0.02,-0.8,1.6,2,1070.3
696,779,3.93,0.54,0.04,1.5,-0.02,0.8,1.6,2,1071.8
696,780,3.98,0.54,0.04,1.5,0,0,0.8,2,1073.3
696,781,4,0.55,0.03,1.5,0.01,0.4,0.8,2,1074.8
696,782,4.03,0.55,0.03,1.5,0.04,0.8,0.8,3,1076.3
696,783,4.06,0.56,0.02,1.5,0.07,0.4,0.8,3,1077.8
696,784,4.08,0.58,0,1.5,0.1,0.4,0.8,3,1079.3
696,785,4.12,0.59,0.01,1.5,0.14,-0.4,1.6,3,1080.8
696,786,4.16,0.6,0.02,1.5,0.17,0,0.8,3,1082.3
696,787,4.18,0.61,0.03,1.5,0.18,-0.4,0.4,3,1083.8
696,788,4.2,0.61,0.03,1.5,0.17,-0.8,0.8,3,1085.3
696,789,4.22,0.61,0.03,1.5,0.15,-0.4,0.4,3,1086.8
696,790,4.24,0.61,0.03,1.5,0.14,-0.8,0.4,3,1088.3
696,791,4.25,0.6,0.02,1.5,0.12,-0.4,0.4,3,1089.8
696,792,4.27,0.6,0.02,1.5,0.1,0.8,0.8,3,1091.3
696,793,4.29,0.6,0.02,1.5,0.09,-0.4,0.4,3,1092.8
696,794,4.31,0.6,0.02,1.5,0.08,-0.8,0.4,3,1094.3
696,795,4.33,0.59,0.01,1.5,0.05,-0.4,0.8,3,1095.8
696,796,4.37,0.58,0,1.5,0.01,0.4,1.6,3,1097.3
696,797,4.41,0.58,0,1.5,-0.02,-0.4,0.8,3,1098.8
696,798,4.43,0.57,0.01,1.5,-0.04,-0.8,0.4,3,1100.3
696,799,4.44,0.57,0.01,1.5,-0.06,0,0.4,3,1101.8
696,800,4.47,0.56,0.02,1.5,-0.08,0.4,0.8,3,1103.3
696,801,4.49,0.55,0.03,1.5,-0.09,0,0.4,3,1104.8
696,802,4.5,0.55,0.03,1.5,-0.09,0.8,0.4,3,1106.3
696,803,4.53,0.55,0.03,1.5,-0.09,-0.8,1.6,3,1107.8
696,804,4.57,0.54,0.04,1.5,-0.11,0,0.4,3,1109.3
696,805,4.58,0.54,0.04,1.5,-0.11,0.4,0.4,3,1110.8
696,806,4.62,0.53,0.05,1,-0.12,-0.8,1.6,3,1111.8
696,807,4.66,0.52,0.06,1,-0.14,0.8,0.8,3,1112.8
696,808,4.67,0.52,0.06,1,-0.13,0,0.4,3,1113.8
696,809,4.69,0.52,0.06,1,-0.13,0,0.4,3,1114.8
696,810,4.71,0.52,0.06,1,-0.12,0.4,0.8,3,1115.8
696,811,4.74,0.52,0.06,1,-0.12,-0.4,0.8,3,1116.8
696,812,4.77,0.52,0.06,1,-0.11,0.8,0.8,3,1117.8
696,813,4.79,0.52,0.06,1,-0.1,0,0.4,3,1118.8
696,814,4.81,0.52,0.06,1,-0.08,0.8,0.8,3,1119.8
696,815,4.86,0.53,0.05,1,-0.04,-0.8,1.6,3,1120.8
696,816,4.91,0.53,0.05,1,-0.03,0,1.6,3,1121.8
696,817,4.95,0.52,0.06,1,-0.04,-0.8,0.8,3,1122.8
696,818,4.97,0.52,0.06,1,-0.05,0.8,0.4,3,1123.8
696,819,4.99,0.52,0.06,1,-0.04,0.4,0.8,3,1124.8
696,820,5.04,0.52,0.06,1,-0.03,0,1.6,4,1125.8
696,821,5.08,0.53,0.05,1,-0.01,0.4,0.8,4,1126.8
696,822,5.11,0.53,0.05,1,0.01,0.4,0.8,4,1127.8
696,823,5.12,0.54,0.04,1.5,0.02,0.4,0.4,4,1129.3
696,824,5.14,0.54,0.04,1.5,0.04,0.4,0.4,4,1130.8
696,825,5.17,0.55,0.03,1.5,0.06,-0.8,1.6,4,1132.3
696,826,5.21,0.55,0.03,1.5,0.05,-0.8,0.8,4,1133.8
696,827,5.23,0.55,0.03,1.5,0.04,0.4,0.4,4,1135.3
696,828,5.25,0.55,0.03,1.5,0.04,0.4,0.8,4,1136.8
696,829,5.28,0.55,0.01,1.5,0.04,-0.8,0.8,4,1138.3
696,830,5.31,0.54,0,1.5,0.02,-0.4,0.8,4,1139.8
696,831,5.33,0.54,0.01,1.5,0.01,0,0.4,4,1141.3
696,832,5.34,0.54,0.01,1.5,0,0,0.4,4,1142.8
696,833,5.36,0.54,0.01,1.5,-0.01,-0.4,0.8,4,1144.3
696,834,5.41,0.52,0.01,1.5,-0.06,-0.8,1.6,4,1145.8
696,835,5.44,0.51,0.01,1.5,-0.07,-0.8,0.8,4,1147.3
696,836,5.48,0.49,0.04,1.5,-0.12,0.4,1.6,4,1148.8
696,837,5.51,0.48,0.07,1,-0.16,0,0.8,4,1149.8
696,838,5.53,0.47,0.08,1,-0.18,0.4,0.4,4,1150.8
696,839,5.54,0.46,0.1,1,-0.18,0.4,0.4,4,1151.8
696,840,5.56,0.46,0.11,1,-0.19,-0.8,0.4,4,1152.8
696,841,5.57,0.45,0.12,1,-0.2,0,0.4,4,1153.8
696,842,5.59,0.45,0.13,1,-0.2,-0.4,0.4,5,1154.8
696,843,5.6,0.45,0.13,1,-0.18,0.8,0.4,5,1155.8
696,844,5.61,0.45,0.13,1,-0.15,0.8,0.4,5,1156.8
696,845,5.62,0.45,0.13,1,-0.14,0.8,0.4,5,1157.8
696,846,5.64,0.45,0.13,1,-0.13,0.8,0.4,5,1158.8
696,847,5.65,0.45,0.13,1,-0.11,0,0.4,5,1159.8
696,848,5.68,0.46,0.12,1,-0.06,0.4,1.6,5,1160.8
696,849,5.74,0.47,0.15,0.6,-0.01,-0.8,1.6,6,1161.4
696,850,5.79,0.48,0.15,0.6,0.01,0.4,1.6,6,1162
696,851,5.83,0.49,0.17,0.6,0.04,0.8,0.8,6,1162.6
696,852,5.84,0.49,0.18,0.6,0.03,0.8,0.4,6,1163.2
696,853,5.86,0.5,0.18,0.6,0.04,0.4,0.4,7,1163.8
696,854,5.88,0.51,0.19,0.6,0.07,0.8,0.8,7,1164.4
696,855,5.89,0.51,0.2,0.6,0.09,-0.8,0.4,7,1165
696,856,5.92,0.52,0.21,0.5,0.1,-0.8,0.8,7,1165.5
696,857,5.97,0.52,0.24,0,0.1,0,1.6,7,1165.5
